{
  "project_info": {
    "project_number": "1065030766166",
    "project_id": "skinguard-c5722",
    "storage_bucket": "skinguard-c5722.appspot.com"
  },
  "client": [
    {
      "client_info": {
        "mobilesdk_app_id": "1:1065030766166:android:0b156b316c32e765b835f7",
        "android_client_info": {
          "package_name": "com.example.skinguard"
        }
      },
      "oauth_client": [
        {
          "client_id": "1065030766166-7ov7tk3tobkba3n82mac9gnisi7qr77v.apps.googleusercontent.com",
          "client_type": 1,
          "android_info": {
            "package_name": "com.example.skinguard",
            "certificate_hash": "510b52b2aab5654acc1ff0059221dc0317e7b5e8"
          }
        },
        {
          "client_id": "1065030766166-ba3fvi4toprdgqiqpbv1efd64j0regiq.apps.googleusercontent.com",
          "client_type": 3
        }
      ],
      "api_key": [
        {
          "current_key": "AIzaSyBYi3vkRd7K5c3oybAJMD1XSXJYLQ6qzfU"
        }
      ],
      "services": {
        "appinvite_service": {
          "other_platform_oauth_client": [
            {
              "client_id": "1065030766166-ba3fvi4toprdgqiqpbv1efd64j0regiq.apps.googleusercontent.com",
              "client_type": 3
            }
          ]
        }
      }
    }
  ],
  "configuration_version": "1"
}